Condition,Referendum vote,tmi_est,tmi_p,econ_est,econ_p,policy_est,policy_p
Visualisation,Voted leave,-0.5784179498317616,0.0014984208710577078,0.31260121688917497,1.6382863045948233e-8,0.2050537781407994,8.729501679236101e-5
Visualisation,Voted remain,-0.04496677338369226,0.8418894977111488,0.08764265200581153,0.17660978968714103,0.005269279544818567,0.93148517463982206
Visualisation,Did not vote,-0.6852843783559173,2.8600108959175863e-4,0.39196811338743526,1.7843113653270848e-9,0.275530044933425,7.472448677048327e-6
Video,Voted leave,-0.5318869355080976,0.0041258054263256325,0.28450441107268126,2.9190796519914893e-7,0.18405674805055977,4.4135012208094666e-4
Video,Voted remain,-0.3362859553916989,0.143809832040926,0.16053000065543038,0.012262318543589057,-0.03360763425799512,0.5788686464881148
Video,Did not vote,-0.7139757555806228,1.731731709637696e-4,0.29230977745229825,6.804313312347432e-6,0.15894771051650164,0.009559468346504563
Text,Voted leave,-0.37995664002826995,0.04146930383829894,0.2716013009225617,8.41625563737155e-7,0.18924228609244226,2.789592542535896e-4
Text,Voted remain,-0.13806230881348322,0.5309462235254243,0.14562076005652363,0.021170014777106116,-0.033913773048893425,0.56989677895931945
Text,Did not vote,-0.42732521261338346,0.02207701754031599,0.3412905188009983,1.5685111698360288e-7,0.21294600880403775,5.283391744480559e-4
