condition,age,gender,education,party,income,too_many_imm,take_jobs,drive_down_wages,create_jobs,brexit_to_cut,increase_imm,sm_or_control,eu_vote,employment,student
control,0,0,0.0021413276231263384,0,0.044967880085653104,0.11884368308351177,0,0,0,0.019271948608137045,0.02676659528907923,0.069593147751606,0.008565310492505354,0.02676659528907923,0.020342612419700215
text,0,0,9.910802775024777e-4,0,0.04558969276511397,0.1278493557978196,0,0,0,0.036669970267591674,0.035678889990089196,0.07234886025768088,0.015857284440039643,0.03865213082259663,0.040634291377601585
video,0,0,0.0020387359836901123,0,0.059123343527013254,0.1162079510703364,0,0,0,0.026503567787971458,0.02854230377166157,0.07951070336391437,0.01834862385321101,0.03567787971457696,0.03363914373088685
vis,0,0,0.0031088082901554403,0,0.04248704663212435,0.12020725388601036,0,0,0,0.027979274611398965,0.029015544041450778,0.058031088082901555,0.02383419689119171,0.04248704663212435,0.0383419689119171
